<?xml version="1.0" encoding="UTF-8"?>
<project xmlns="http://maven.apache.org/POM/4.0.0" xmlns:xsi="http://www.w3.org/2001/XMLSchema-instance" xsi:schemaLocation="http://maven.apache.org/POM/4.0.0 http://maven.apache.org/maven-v4_0_0.xsd">
  <modelVersion>4.0.0</modelVersion>
  <groupId>com.example</groupId>
  <artifactId>jmh-benchmark</artifactId>
  <version>1.0-SNAPSHOT</version>
  <build>
    <pluginManagement>
      <plugins>
        <plugin>
          <artifactId>maven-toolchains-plugin</artifactId>
          <version>3.1.0</version>
          <executions>
            <execution>
              <goals>
                <goal>toolchain</goal>
              </goals>
            </execution>
          </executions>
          <configuration>
            <toolchains>
              <jdk>
                <version>23</version>
                <vendor>openjdk</vendor>
              </jdk>
            </toolchains>
          </configuration>
        </plugin>
      </plugins>
    </pluginManagement>
    <plugins>
      <plugin>
        <artifactId>maven-compiler-plugin</artifactId>
        <version>3.10.1</version>
        <configuration>
          <annotationProcessorPaths>
            <path>
              <groupId>org.openjdk.jmh</groupId>
              <artifactId>jmh-generator-annprocess</artifactId>
              <version>1.37</version>
            </path>
          </annotationProcessorPaths>
        </configuration>
      </plugin>
      <plugin>
        <groupId>org.codehaus.mojo</groupId>
        <artifactId>exec-maven-plugin</artifactId>
        <version>3.0.0</version>
        <executions>
          <execution>
            <id>run-benchmarks</id>
            <phase>integration-test</phase>
            <goals>
              <goal>java</goal>
            </goals>
            <configuration>
              <mainClass>org.openjdk.jmh.Main</mainClass>
              <arguments>
                <argument>StringConcatenationBenchmark</argument>
              </arguments>
              <classpathScope>compile</classpathScope>
            </configuration>
          </execution>
        </executions>
      </plugin>
      <plugin>
        <artifactId>maven-shade-plugin</artifactId>
        <version>3.4.1</version>
        <executions>
          <execution>
            <phase>package</phase>
            <goals>
              <goal>shade</goal>
            </goals>
            <configuration>
              <transformers>
                <transformer>
                  <mainClass>org.openjdk.jmh.Main</mainClass>
                  <manifestEntries>
                    <Multi-Release>true</Multi-Release>
                  </manifestEntries>
                </transformer>
              </transformers>
              <filters>
                <filter>
                  <artifact>*:*</artifact>
                  <excludes>
                    <exclude>META-INF/*.SF</exclude>
                    <exclude>META-INF/*.DSA</exclude>
                    <exclude>META-INF/*.RSA</exclude>
                  </excludes>
                </filter>
              </filters>
            </configuration>
          </execution>
        </executions>
      </plugin>
    </plugins>
  </build>
  <dependencies>
    <dependency>
      <groupId>org.openjdk.jmh</groupId>
      <artifactId>jmh-generator-annprocess</artifactId>
      <version>1.37</version>
      <scope>provided</scope>
    </dependency>
  </dependencies>
  <properties>
    <maven.compiler.target>11</maven.compiler.target>
    <maven.compiler.source>11</maven.compiler.source>
  </properties>
</project>
