<project>
  <modelVersion>4.0.0</modelVersion>
  <groupId>com.example</groupId>
  <artifactId>jmh-benchmark</artifactId>
  <version>1.0-SNAPSHOT</version>

  <dependencies>
    <dependency>
      <groupId>org.openjdk.jmh</groupId>
      <artifactId>jmh-core</artifactId>
      <version>1.36</version> 
    </dependency>
    <dependency>
      <groupId>org.openjdk.jmh</groupId>
      <artifactId>jmh-generator-annprocess</artifactId>
      <version>1.36</version> 
    </dependency>
  </dependencies> 


  <properties>
    <maven.compiler.source>11</maven.compiler.source>
    <maven.compiler.target>11</maven.compiler.target>
  </properties>

  <build>
    <plugins>
      <plugin>
        <groupId>org.apache.maven.plugins</groupId>
        <artifactId>maven-compiler-plugin</artifactId> 

        <version>3.10.1</version>
        <configuration>
          <annotationProcessorPaths>
            <path>
              <groupId>org.openjdk.jmh</groupId> 

              <artifactId>jmh-generator-annprocess</artifactId>
              <version>1.36</version>
            </path>
          </annotationProcessorPaths> 

          <includePluginDependencies>true</includePluginDependencies> 
        </configuration>
      </plugin>
      <plugin>
        <groupId>org.codehaus.mojo</groupId>
        <artifactId>exec-maven-plugin</artifactId> 

        <version>3.0.0</version>
        <executions>
          <execution>
            <id>run-benchmarks</id>
            <phase>integration-test</phase>
            <goals>
              <goal>java</goal>
            </goals>
            <configuration>
              <mainClass>org.openjdk.jmh.Main</mainClass>
              <arguments>
                <argument>StringConcatenationBenchmark</argument> 
              </arguments>
            </configuration>
          </execution>
        </executions>
      </plugin>
    </plugins>
  </build>
</project>